수집시각,순위,제목,저자,출판사,링크,이미지URL,이전순위,순위변동
2026-10-11 08:23,1,빨강의 자서전,앤 카슨,한겨레출판,https://product.kyobobook.co.kr/detail/S000214881373,https://contents.kyobobook.co.kr/sih/fit-in/458x0/pdt/9791172131784.jpg,1,-
2026-10-11 08:23,2,가짜 돈 진짜 부,박종훈,글로퍼스,https://product.kyobobook.co.kr/detail/S000221580226,https://contents.kyobobook.co.kr/sih/fit-in/458x0/pdt/9791198987679.jpg,2,-
2026-10-11 08:23,3,가호,무라카미 하루키,문학동네,https://product.kyobobook.co.kr/detail/S000221505184,https://contents.kyobobook.co.kr/sih/fit-in/458x0/pdt/9791141691370.jpg,3,-
2026-10-11 08:23,4,"세네카, 오늘을 빼앗기고 있는 당신에게",세네카,논픽션,https://product.kyobobook.co.kr/detail/S000220308313,https://contents.kyobobook.co.kr/sih/fit-in/458x0/pdt/9791199489561.jpg,5,↑1
2026-10-11 08:23,5,쇼펜하우어 인생수업(30만 부 기념 개정증보판),쇼펜하우어,하이스트,https://product.kyobobook.co.kr/detail/S000212414274,https://contents.kyobobook.co.kr/sih/fit-in/458x0/pdt/9791193282045.jpg,8,↑3
2026-10-11 08:23,6,싯다르타,헤르만 헤세,민음사,https://product.kyobobook.co.kr/detail/S000000620195,https://contents.kyobobook.co.kr/sih/fit-in/458x0/pdt/9788937460586.jpg,4,↓2
2026-10-11 08:23,7,트렌드 코리아 2027,김난도 외,미래의창,https://product.kyobobook.co.kr/detail/S000221151022,https://contents.kyobobook.co.kr/sih/fit-in/458x0/pdt/9791124073483.jpg,7,-
2026-10-11 08:23,8,녹스,앤 카슨,봄날의책,https://product.kyobobook.co.kr/detail/S000200100795,https://contents.kyobobook.co.kr/sih/fit-in/458x0/pdt/9791186372975.jpg,6,↓2
2026-10-11 08:23,9,머니 트렌드 2027,정태익 외,북모먼트,https://product.kyobobook.co.kr/detail/S000221075112,https://contents.kyobobook.co.kr/sih/fit-in/458x0/pdt/9791124038826.jpg,10,↑1
2026-10-11 08:23,10,남편의 아름다움,앤 카슨,한겨레출판,https://product.kyobobook.co.kr/detail/S000214894961,https://contents.kyobobook.co.kr/sih/fit-in/458x0/pdt/9791172131791.jpg,9,↓1
2026-10-11 08:23,11,브레인악셀,이진우,바른뇌연구소,https://product.kyobobook.co.kr/detail/S000220930689,https://contents.kyobobook.co.kr/sih/fit-in/458x0/pdt/9791122075106.jpg,11,-
2026-10-11 08:23,12,2026 하반기 해커스 GSAT 삼성직무적성검사 실전모의고사 12회분,해커스잡,,https://ebook-product.kyobobook.co.kr/dig/epd/ebook/E000013559679,https://contents.kyobobook.co.kr/sih/fit-in/458x0/pdt/9788969657596.jpg,17,↑5
2026-10-11 08:23,13,모순,양귀자,쓰다,https://product.kyobobook.co.kr/detail/S000001632467,https://contents.kyobobook.co.kr/sih/fit-in/458x0/pdt/9788998441012.jpg,16,↑3
2026-10-11 08:23,14,룩 백 스페셜 에디션,Tatsuki Fujimoto,학산문화사,https://product.kyobobook.co.kr/detail/S000221437913,https://contents.kyobobook.co.kr/sih/fit-in/458x0/pdt/9791141190057.jpg,14,-
2026-10-11 08:23,15,테오,앨런 레비,오팬하우스,https://product.kyobobook.co.kr/detail/S000220307771,https://contents.kyobobook.co.kr/sih/fit-in/458x0/pdt/9791175772892.jpg,12,↓3
2026-10-11 08:23,16,돈의 심리학(50만 부 기념 뉴 에디션),모건 하우절,인플루엔셜,https://product.kyobobook.co.kr/detail/S000218942259,https://contents.kyobobook.co.kr/sih/fit-in/458x0/pdt/9791168343443.jpg,23,↑7
2026-10-11 08:23,17,김동희 세계관 호기심 환장 RPG 2,김동희 세계관,아울북,https://product.kyobobook.co.kr/detail/S000221566385,https://contents.kyobobook.co.kr/sih/fit-in/458x0/pdt/9791176613255.jpg,26,↑9
2026-10-11 08:23,18,독재자(들),황현필,역바연,https://product.kyobobook.co.kr/detail/S000221583260,https://contents.kyobobook.co.kr/sih/fit-in/458x0/pdt/9791122092240.jpg,32,↑14
2026-10-11 08:23,19,한국사 이상현상 연구원(일반판),최인서,다이브,https://product.kyobobook.co.kr/detail/S000220693844,https://contents.kyobobook.co.kr/sih/fit-in/458x0/pdt/9791124137635.jpg,19,-
2026-10-11 08:23,20,문해내공,신종호 외,상상스퀘어,https://product.kyobobook.co.kr/detail/S000220588967,https://contents.kyobobook.co.kr/sih/fit-in/458x0/pdt/9791124248515.jpg,34,↑14
2026-10-11 08:23,21,"2026 큰별쌤 최태성의 별별한국사 기출 500제 한국사능력검정시험 심화(1,2,3급)",최태성,이투스북,https://product.kyobobook.co.kr/detail/S000218781780,https://contents.kyobobook.co.kr/sih/fit-in/458x0/pdt/9791138934459.jpg,15,↓6
2026-10-11 08:23,22,"에로스, 달콤씁쓸한",앤 카슨,난다,https://product.kyobobook.co.kr/detail/S000216177163,https://contents.kyobobook.co.kr/sih/fit-in/458x0/pdt/9791194171539.jpg,13,↓9
2026-10-11 08:23,23,수족관,유래혁,포스터샵,https://product.kyobobook.co.kr/detail/S000211748790,https://contents.kyobobook.co.kr/sih/fit-in/458x0/pdt/9791198547514.jpg,24,↑1
2026-10-11 08:23,24,"돈, 뜨겁게 사랑하고 차갑게 다루어라",앙드레 코스톨라니,미래의창,https://product.kyobobook.co.kr/detail/S000209182287,https://contents.kyobobook.co.kr/sih/fit-in/458x0/pdt/9791192519883.jpg,29,↑5
2026-10-11 08:23,25,존재의 세 가지 거짓말,아고타 크리스토프,까치,https://product.kyobobook.co.kr/detail/S000061863290,https://contents.kyobobook.co.kr/sih/fit-in/458x0/pdt/9788972917793.jpg,21,↓4
2026-10-11 08:23,26,혈당 루틴,안철우,쌤앤파커스,https://product.kyobobook.co.kr/detail/S000221515015,https://contents.kyobobook.co.kr/sih/fit-in/458x0/pdt/9791124575680.jpg,18,↓8
2026-10-11 08:23,27,그라시안의 사람을 읽는 눈,김철,히읏,https://product.kyobobook.co.kr/detail/S000220693855,https://contents.kyobobook.co.kr/sih/fit-in/458x0/pdt/9791192559957.jpg,22,↓5
2026-10-11 08:23,28,빵충 사육 준수 사항,김혜영,안전가옥,https://product.kyobobook.co.kr/detail/S000220587963,https://contents.kyobobook.co.kr/sih/fit-in/458x0/pdt/9791194891178.jpg,20,↓8
2026-10-11 08:23,29,우리는 가장 밝은 밤에 헤어졌다,표도르 도스토옙스키,윌마,https://product.kyobobook.co.kr/detail/S000220272256,https://contents.kyobobook.co.kr/sih/fit-in/458x0/pdt/9791199757684.jpg,55,↑26
2026-10-11 08:23,30,프로젝트 헤일메리,앤디 위어,알에이치코리아,https://product.kyobobook.co.kr/detail/S000000479333,https://contents.kyobobook.co.kr/sih/fit-in/458x0/pdt/9788925588735.jpg,28,↓2
2026-10-11 08:23,31,최소한의 한국사(100쇄 에디션),최태성,프런트페이지,https://product.kyobobook.co.kr/detail/S000202678286,https://contents.kyobobook.co.kr/sih/fit-in/458x0/pdt/9791198243430.jpg,30,↓1
2026-10-11 08:23,32,정의란 무엇인가,마이클 샌델,와이즈베리,https://product.kyobobook.co.kr/detail/S000000625441,https://contents.kyobobook.co.kr/sih/fit-in/458x0/pdt/9788937834790.jpg,65,↑33
2026-10-11 08:23,33,데미안,헤르만 헤세,민음사,https://product.kyobobook.co.kr/detail/S000000620181,https://contents.kyobobook.co.kr/sih/fit-in/458x0/pdt/9788937460449.jpg,39,↑6
2026-10-11 08:23,34,매너의 온도,박정희,퍼플,https://product.kyobobook.co.kr/detail/S000221510063,https://contents.kyobobook.co.kr/sih/fit-in/458x0/pdt/1400001213864.jpg,46,↑12
2026-10-11 08:23,35,"산 자여 말하라 겨울공화국 이야기 II, 어떤 죽음",엠씨북스(MC Books),,https://ebook-product.kyobobook.co.kr/dig/epd/ebook/E000003507341,https://contents.kyobobook.co.kr/sih/fit-in/458x0/pdt/480D200223870.jpg,47,↑12
2026-10-11 08:23,36,운이 좋은 사람은 이렇게 합니다,박성준,페이지2북스,https://product.kyobobook.co.kr/detail/S000221281510,https://contents.kyobobook.co.kr/sih/fit-in/458x0/pdt/9791169852302.jpg,49,↑13
2026-10-11 08:23,37,독하게 돈 공부,박소연,메이븐,https://product.kyobobook.co.kr/detail/S000220452240,https://contents.kyobobook.co.kr/sih/fit-in/458x0/pdt/9791199798144.jpg,27,↓10
2026-10-11 08:23,38,인생을 위한 최소한의 생각,신영준 외,상상스퀘어,https://product.kyobobook.co.kr/detail/S000219182450,https://contents.kyobobook.co.kr/sih/fit-in/458x0/pdt/9791124248171.jpg,43,↑5
2026-10-11 08:23,39,기분이 태도가 되지 말자(30만부 기념 최신 개정판),김수현(훈글),하이스트,https://product.kyobobook.co.kr/detail/S000200329012,https://contents.kyobobook.co.kr/sih/fit-in/458x0/pdt/9791197647666.jpg,37,↓2
2026-10-11 08:23,40,아메리칸 학원 1,이민진,현대문학,https://product.kyobobook.co.kr/detail/S000221467425,https://contents.kyobobook.co.kr/sih/fit-in/458x0/pdt/9791167903877.jpg,66,↑26
2026-10-11 08:23,41,아름다운 것들은 비밀을 품고 있다,파묘,모티브,https://product.kyobobook.co.kr/detail/S000221280656,https://contents.kyobobook.co.kr/sih/fit-in/458x0/pdt/9791176881456.jpg,69,↑28
2026-10-11 08:23,42,이해원 수학 모의고사 시즌3 3회분(2026)(2027 수능대비),이해원 외,시대인재북스,https://product.kyobobook.co.kr/detail/S000221263855,https://contents.kyobobook.co.kr/sih/fit-in/458x0/pdt/9791176231749.jpg,70,↑28
2026-10-11 08:23,43,애매함을 사랑하기,이창현(코유),고유,https://product.kyobobook.co.kr/detail/S000220862072,https://contents.kyobobook.co.kr/sih/fit-in/458x0/pdt/9791124878019.jpg,33,↓10
2026-10-11 08:23,44,코스모스(100만부 기념판),칼 세이건,사이언스북스,https://product.kyobobook.co.kr/detail/S000220340903,https://contents.kyobobook.co.kr/sih/fit-in/458x0/pdt/9791124336083.jpg,42,↓2
2026-10-11 08:23,45,니체의 초월자,프리드리히 니체,히읏,https://product.kyobobook.co.kr/detail/S000218278239,https://contents.kyobobook.co.kr/sih/fit-in/458x0/pdt/9791192559100.jpg,36,↓9
2026-10-11 08:23,46,세이노의 가르침,세이노(SayNo),데이원,https://product.kyobobook.co.kr/detail/S000200746091,https://contents.kyobobook.co.kr/sih/fit-in/458x0/pdt/9791168473690.jpg,63,↑17
2026-10-11 08:23,47,아주 작은 습관의 힘(50만 부 기념 스페셜 에디션),제임스 클리어,비즈니스북스,https://product.kyobobook.co.kr/detail/S000001813652,https://contents.kyobobook.co.kr/sih/fit-in/458x0/pdt/9791162540640.jpg,64,↑17
2026-10-11 08:23,48,브람스를 좋아하세요,프랑수아즈 사강,민음사,https://product.kyobobook.co.kr/detail/S000000620316,https://contents.kyobobook.co.kr/sih/fit-in/458x0/pdt/9788937461798.jpg,25,↓23
2026-10-11 08:23,49,산 자여 말하라 2 (개정판) [컬러],최종선,퍼플,https://product.kyobobook.co.kr/detail/S000060612719,https://contents.kyobobook.co.kr/sih/fit-in/458x0/pdt/1400000393321.jpg,90,↑41
2026-10-11 08:23,50,실전 시황 트레이딩,이진호,스티어,https://product.kyobobook.co.kr/detail/S000221572565,https://contents.kyobobook.co.kr/sih/fit-in/458x0/pdt/9791199509047.jpg,40,↓10
2026-10-11 08:23,51,"울어 봐, 빌어도 좋고 컬러링북",반지,영진닷컴,https://product.kyobobook.co.kr/detail/S000221505257,https://contents.kyobobook.co.kr/sih/fit-in/458x0/pdt/9788931484625.jpg,67,↑16
2026-10-11 08:23,52,오래 곁에 두어 좋은 말,나민애,북다,https://product.kyobobook.co.kr/detail/S000221361847,https://contents.kyobobook.co.kr/sih/fit-in/458x0/pdt/9791170614197.jpg,,NEW
2026-10-11 08:23,53,전지적 독자 시점 문고본 세트,싱숑,김영사,https://product.kyobobook.co.kr/detail/S000221569447,https://contents.kyobobook.co.kr/sih/fit-in/458x0/pdt/9791173328183.jpg,,NEW
2026-10-11 08:23,54,베라 피자,이진형,비앤씨월드,https://product.kyobobook.co.kr/detail/S000221509659,https://contents.kyobobook.co.kr/sih/fit-in/458x0/pdt/9791124112090.jpg,68,↑14
2026-10-11 08:23,55,읽는 인간,오에 겐자부로,상상스퀘어,https://product.kyobobook.co.kr/detail/S000221327640,https://contents.kyobobook.co.kr/sih/fit-in/458x0/pdt/9791124248652.jpg,,NEW
2026-10-11 08:23,56,지인선 파이널 모의고사 수학영역(2027),TEAM 지인선,모노크롬북스,https://product.kyobobook.co.kr/detail/S000221506476,https://contents.kyobobook.co.kr/sih/fit-in/458x0/pdt/9791123018157.jpg,92,↑36
2026-10-11 08:23,57,마남 이치 7,Osamu Nishi,서울미디어코믹스(서울문화사),https://product.kyobobook.co.kr/detail/S000221506280,https://contents.kyobobook.co.kr/sih/fit-in/458x0/pdt/9791142817625.jpg,93,↑36
2026-10-11 08:23,58,이해원 N제 트렌드(Trend) 수학1+수학2(2026)(2027 수능대비),이해원 외,시대인재북스,https://product.kyobobook.co.kr/detail/S000221327578,https://contents.kyobobook.co.kr/sih/fit-in/458x0/pdt/9791176231756.jpg,50,↓8
2026-10-11 08:23,59,이런 말을 듣고 싶었나 보다,권지은,부크럼,https://product.kyobobook.co.kr/detail/S000221331034,https://contents.kyobobook.co.kr/sih/fit-in/458x0/pdt/9791162146170.jpg,51,↓8
2026-10-11 08:23,60,은둔,조현,불광출판사,https://product.kyobobook.co.kr/detail/S000221248275,https://contents.kyobobook.co.kr/sih/fit-in/458x0/pdt/9791172613006.jpg,52,↓8
2026-10-11 08:23,61,시대예보: 수고인류의 시간,송길영,교보문고,https://product.kyobobook.co.kr/detail/S000221108246,https://contents.kyobobook.co.kr/sih/fit-in/458x0/pdt/9791170614166.jpg,71,↑10
2026-10-11 08:23,62,내 인생이 왜 당신 마음에 들어야 합니까,김경일,퍼스트펭귄,https://product.kyobobook.co.kr/detail/S000221152611,https://contents.kyobobook.co.kr/sih/fit-in/458x0/pdt/9791199889378.jpg,73,↑11
2026-10-11 08:23,63,숨결이 바람 될 때(10주년 에디션),폴 칼라니티,흐름출판,https://product.kyobobook.co.kr/detail/S000220638767,https://contents.kyobobook.co.kr/sih/fit-in/458x0/pdt/9788965968382.jpg,76,↑13
2026-10-11 08:23,64,마음의 어휘력,조아란 외,페이지2북스,https://product.kyobobook.co.kr/detail/S000220636999,https://contents.kyobobook.co.kr/sih/fit-in/458x0/pdt/9791169852180.jpg,54,↓10
2026-10-11 08:23,65,해커스 토익 기출 VOCA(보카),David Cho,해커스어학연구소,https://product.kyobobook.co.kr/detail/S000001020219,https://contents.kyobobook.co.kr/sih/fit-in/458x0/pdt/9788965422785.jpg,44,↓21
2026-10-11 08:23,66,빅터 프랭클의 죽음의 수용소에서(20주년 기념보급판),빅터 프랭클,청아출판사,https://product.kyobobook.co.kr/detail/S000218907630,https://contents.kyobobook.co.kr/sih/fit-in/458x0/pdt/9788936812621.jpg,,NEW
2026-10-11 08:23,67,오투 중학 과학 3-2(2026),비상교육 편집부,비상교육,https://product.kyobobook.co.kr/detail/S000219071613,https://contents.kyobobook.co.kr/sih/fit-in/458x0/pdt/9791173166891.jpg,35,↓32
2026-10-11 08:23,68,ETS 토익 정기시험 기출문제집 1000 Vol 5 RC,ETS,YBM,https://product.kyobobook.co.kr/detail/S000218791163,https://contents.kyobobook.co.kr/sih/fit-in/458x0/pdt/9788917243802.jpg,45,↓23
2026-10-11 08:23,69,오투 중학 과학 2-2(2026),비상교육 편집부,비상교육,https://product.kyobobook.co.kr/detail/S000218191485,https://contents.kyobobook.co.kr/sih/fit-in/458x0/pdt/9791173166877.jpg,79,↑10
2026-10-11 08:23,70,절창,구병모,문학동네,https://product.kyobobook.co.kr/detail/S000217503188,https://contents.kyobobook.co.kr/sih/fit-in/458x0/pdt/9791141602451.jpg,,NEW
2026-10-11 08:23,71,행복할 거야 이래도 되나 싶을 정도로(10만 부 기념 교보문고 단독 리커버),일홍,부크럼,https://product.kyobobook.co.kr/detail/S000213913377,https://contents.kyobobook.co.kr/sih/fit-in/458x0/pdt/9791162145043.jpg,61,↓10
2026-10-11 08:23,72,해커스 일본어 첫걸음: 기초20일 독학 완성!,해커스 일본어연구소,해커스어학연구소,https://product.kyobobook.co.kr/detail/S000001020289,https://contents.kyobobook.co.kr/sih/fit-in/458x0/pdt/9788965424215.jpg,62,↓10
2026-10-11 08:23,73,사피엔스,유발 하라리,김영사,https://product.kyobobook.co.kr/detail/S000000597165,https://contents.kyobobook.co.kr/sih/fit-in/458x0/pdt/9788934972464.jpg,,NEW
2026-10-11 08:23,74,급류,정대건,민음사,https://product.kyobobook.co.kr/detail/S000200550189,https://contents.kyobobook.co.kr/sih/fit-in/458x0/pdt/9788937473401.jpg,81,↑7
2026-10-11 08:23,75,룩 백,Tatsuki Fujimoto,학산문화사,https://product.kyobobook.co.kr/detail/S000001854018,https://contents.kyobobook.co.kr/sih/fit-in/458x0/pdt/9791168761841.jpg,38,↓37
2026-10-11 08:23,76,생각에 관한 생각,대니얼 카너먼,김영사,https://product.kyobobook.co.kr/detail/S000000597589,https://contents.kyobobook.co.kr/sih/fit-in/458x0/pdt/9788934981213.jpg,84,↑8
2026-10-11 08:23,77,노르웨이의 숲,무라카미 하루키,민음사,https://product.kyobobook.co.kr/detail/S000000620447,https://contents.kyobobook.co.kr/sih/fit-in/458x0/pdt/9788937463105.jpg,87,↑10
2026-10-11 08:23,78,투자에 대한 생각,하워드 막스,비즈니스맵,https://product.kyobobook.co.kr/detail/S000000970535,https://contents.kyobobook.co.kr/sih/fit-in/458x0/pdt/9788962604658.jpg,,NEW
2026-10-11 08:23,79,노인과 바다,어니스트 헤밍웨이,민음사,https://product.kyobobook.co.kr/detail/S000000620415,https://contents.kyobobook.co.kr/sih/fit-in/458x0/pdt/9788937462788.jpg,88,↑9
2026-10-11 08:23,80,전생했더니 슬라임이었던 건에 대하여 23(완결),소미미디어,,https://ebook-product.kyobobook.co.kr/dig/epd/ebook/E000013601373,https://contents.kyobobook.co.kr/sih/fit-in/458x0/pdt/9791138444620.jpg,,NEW
2026-10-11 08:23,81,2026 하반기 해커스 GSAT 삼성직무적성검사 FINAL 봉투모의고사 10회분,해커스잡,,https://ebook-product.kyobobook.co.kr/dig/epd/ebook/E000013588242,https://contents.kyobobook.co.kr/sih/fit-in/458x0/pdt/9788969657749.jpg,,NEW
2026-10-11 08:23,82,법련 10월호(2026년),화광신문사,,https://ebook-product.kyobobook.co.kr/dig/epd/ebook/E000013607716,https://contents.kyobobook.co.kr/sih/fit-in/458x0/pdt/480N260999210.jpg,,NEW
2026-10-11 08:23,83,산 자여 말하라 (개정판),최종선,퍼플,https://product.kyobobook.co.kr/detail/S000060612317,https://contents.kyobobook.co.kr/sih/fit-in/458x0/pdt/1400000388105.jpg,,NEW
2026-10-11 08:23,84,[30%▼]먼작귀(먼가 작고 귀여운 녀석)(전5권),대원씨아이,,https://ebook-product.kyobobook.co.kr/dig/epd/ebook/E000012564910,https://contents.kyobobook.co.kr/sih/fit-in/458x0/pdt/480D240210470.jpg,89,↑5
2026-10-11 08:23,85,이해원 모의고사 시즌4 3회분(2026)(2027 수능대비),이해원 외,시대인재북스,https://product.kyobobook.co.kr/detail/S000221572607,https://contents.kyobobook.co.kr/sih/fit-in/458x0/pdt/9791176231893.jpg,,NEW
2026-10-11 08:23,86,아메리칸 학원 2,이민진,현대문학,https://product.kyobobook.co.kr/detail/S000221467426,https://contents.kyobobook.co.kr/sih/fit-in/458x0/pdt/9791167903884.jpg,,NEW
2026-10-11 08:23,87,재무덕후 이재용의 숫자로 기업 읽기,이재용,인플루엔셜,https://product.kyobobook.co.kr/detail/S000221569601,https://contents.kyobobook.co.kr/sih/fit-in/458x0/pdt/9791168344297.jpg,,NEW
2026-10-11 08:23,88,현자의 돌 생활과 윤리 파이널 모의고사 시즌2 + 9평 분석서(2026)(2027 수능대비),임수민,메가스터디교육,https://product.kyobobook.co.kr/detail/S000221439848,https://contents.kyobobook.co.kr/sih/fit-in/458x0/pdt/9791124815144.jpg,94,↑6
2026-10-11 08:23,89,가브리엘의 왕초보 영어회화,Thomas Gabrielle Allanta,상상스퀘어,https://product.kyobobook.co.kr/detail/S000221281513,https://contents.kyobobook.co.kr/sih/fit-in/458x0/pdt/9791124248560.jpg,95,↑6
2026-10-11 08:23,90,군주론 : 쇼츠 에디션,니콜로 마키아벨리,어센딩,https://product.kyobobook.co.kr/detail/S000221255753,https://contents.kyobobook.co.kr/sih/fit-in/458x0/pdt/9791199841109.jpg,,NEW
2026-10-11 08:23,91,수능 직전보강 클리어 봉투모의고사 국어영역(2026)(2027 수능대비),EBS한국교육방송공사 편집부,한국교육방송공사(EBSi),https://product.kyobobook.co.kr/detail/S000221261346,https://contents.kyobobook.co.kr/sih/fit-in/458x0/pdt/9791143602244.jpg,75,↓16
2026-10-11 08:23,92,워드마스터 고등 수능 2000(2026)(2027수능대비),이투스북 영어팀,이투스북,https://product.kyobobook.co.kr/detail/S000221143288,https://contents.kyobobook.co.kr/sih/fit-in/458x0/pdt/9791138939294.jpg,97,↑5
2026-10-11 08:23,93,설맞이 모의고사 시즌2 2회분 수학영역(2026)(2027 수능대비)(봉투),설맞이팀,시대인재북스,https://product.kyobobook.co.kr/detail/S000221048432,https://contents.kyobobook.co.kr/sih/fit-in/458x0/pdt/9791176231596.jpg,,NEW
2026-10-11 08:23,94,디딤돌 초등 수학 기본+응용 5-1(2027),디딤돌 편집부,디딤돌,https://product.kyobobook.co.kr/detail/S000221047373,https://contents.kyobobook.co.kr/sih/fit-in/458x0/pdt/9788926168363.jpg,,NEW
2026-10-11 08:23,95,임신 출산 육아 대백과(2026-2027),삼성출판사 편집부,삼성출판사,https://product.kyobobook.co.kr/detail/S000220700678,https://contents.kyobobook.co.kr/sih/fit-in/458x0/pdt/9788915008601.jpg,,NEW
